sprig_id,lat,long,route,stop_name
1,40.889248,-73.898583,1,242ND STREET - VAN CORTLAND PARK
2,40.884653,-73.900878,1,238TH STREET
3,40.878856,-73.904834,1,231ST STREET
4,40.874561,-73.909831,1,225TH STREET - MARBLE HILL
5,40.869444,-73.915279,1,215TH STREET - 10 AV
6,40.864621,-73.918822,1,207TH STREET - 10 AV
7,40.860531,-73.925536,1,DYCKMAN ST - 200 STREET
8,40.855225,-73.929412,1,191 STREET - ST NICHOLAS
9,40.849505,-73.933596,1,181 STREET - ST NICHOLAS
10,40.840556,-73.940133,1,168TH STREET- WASHINGTON HGTS
11,40.834041,-73.94489,1,157TH STREET
12,40.826551,-73.95036,1,145TH STREET
13,40.822008,-73.953676,1,137TH STREET - CITY COLLEGE
14,40.815581,-73.958372,1,125TH STREET
15,40.807722,-73.96411,1,116TH STREET - COLUMBIA UNIV
16,40.803967,-73.966847,1,110TH STREET - CATHEDRAL PKWY
17,40.799446,-73.968379,1,103RD STREET
18,40.793919,-73.972323,"1, 2, 3",96TH STREET
19,40.788644,-73.976218,"1, 2",86TH STREET
20,40.783934,-73.979917,"1, 2",79TH STREET
21,40.778453,-73.98197,"1, 2, 3",72ND STREET
22,40.77344,-73.982209,"1, 2",66TH STREET - LINCOLN CENTER
23,40.768247,-73.981929,"1, 2",59 ST COLUMBUS CIRCLE
24,40.761728,-73.983849,"1, 2",50TH STREET
25,40.75529,-73.987495,"1, 2, 3",42ND ST - TIMES SQ
26,40.750373,-73.991057,"1, 2, 3",34TH ST - PENN STA
27,40.747215,-73.993365,"1, 2",28TH STREET
28,40.744081,-73.995657,"1, 2",23RD STREET
29,40.74104,-73.997871,"1, 2",18TH STREET
30,40.737826,-74.000201,"1, 2, 3",14TH STREET
31,40.733422,-74.002906,"1, 2",CHRISTOPHER - SHERIDAN S
32,40.728251,-74.005367,"1, 2",HOUSTON STREET
33,40.722854,-74.006277,"1, 2",CANAL STREET
34,40.719318,-74.006886,"1, 2",FRANKLIN STREET
35,40.715478,-74.009266,"1, 2, 3",CHAMBERS STREET
36,40.710688,-74.011029,"N, R",CORTLANDT STREET
37,40.707513,-74.013783,1,RECTOR STREET
38,40.701411,-74.013205,,SOUTH FERRY - A LOOP
39,40.701542,-74.013506,1,SOUTH FERRY TERMINAL
40,40.903125,-73.85062,2,EAST 241ST STREET - WAKEFIELD
41,40.898379,-73.854376,"2, 5",EAST 238TH STREET - NEREID
42,40.893201,-73.857469,"2, 5",EAST 233RD STREET
43,40.888022,-73.860341,"2, 5",EAST 225TH STREET
44,40.883895,-73.862633,"2, 5",219TH STREET - WHITE PLAINS RD
45,40.87785,-73.866256,"2, 5",GUN HILL ROAD
46,40.871356,-73.867164,"2, 5",BURKE AVENUE
47,40.865462,-73.867352,"2, 5",ALLERTON AVE
48,40.857192,-73.867615,"2, 5",PELHAM PKWY - BRONX ZOO
49,40.848828,-73.868457,"2, 5",BRONX PARK EAST
50,40.841894,-73.873488,"2, 5",E 180TH STREET
51,40.840295,-73.880049,"2, 5",EAST TREMONT AVE - WEST FARMS SQ
52,40.837288,-73.887734,"2, 5",174TH STREET
53,40.829993,-73.891865,"2, 5",FREEMAN STREET
54,40.824073,-73.893064,"2, 5",SIMPSON STREET
55,40.822181,-73.896736,"2, 5",INTERVALE AVENUE
56,40.819585,-73.90177,"2, 5",PROSPECT AVENUE
57,40.81649,-73.907807,"2, 5",JACKSON AVE
58,40.816109,-73.917757,"2, 5",149TH ST - 3RD AVE
59,40.81841,-73.926718,"2, 5",149TH ST - GRAND CONCOURSE - LOWER LEVEL
60,40.814229,-73.94077,"2, 3",135 STREET
61,40.807745,-73.945502,"2, 3",125 STREET
62,40.802098,-73.949625,"2, 3",116 STREET
63,40.799075,-73.951822,"2, 3",110 STREET - CENTRAL PARK NORTH
64,40.713051,-74.008811,"2, 3",PARK PLACE
65,40.709416,-74.006571,"2, 3",FULTON STREET
66,40.706821,-74.0091,"2, 3",WALL - WILLIAM ST
67,40.697466,-73.993086,"2, 3",CLARK STREET
68,40.693219,-73.989998,"2, 3",BOROUGH HALL
69,40.690545,-73.985065,"2, 3",HOYT STREET - FULTON MALL
70,40.688246,-73.980492,"2, 3, 4, 5",NEVINS STREET
71,40.684359,-73.977666,"2, 3, 4, 5",ATLANTIC AVENUE - PACIFIC ST
72,40.680829,-73.975098,"2, 3, 4",BERGEN STREET
73,40.675235,-73.971046,"2, 3, 4",GRAND ARMY PLAZA
74,40.671987,-73.964375,"2, 3, 4",EASTERN PARKWAY - BROOKLYN MUSEUM
75,40.670682,-73.958131,"2, 3, 4, 5",FRANKLIN  AVE
76,40.667883,-73.950683,"2, 5",PRESIDENT STREET
77,40.662742,-73.95085,"2, 5",STERLING STREET
78,40.656652,-73.9502,"2, 5",WINTHROP STREET
79,40.650843,-73.949575,"2, 5",CHURCH  AVE
80,40.645098,-73.948959,"2, 5",BEVERLY ROAD
81,40.639967,-73.948411,"2, 5",NEWKIRK AVE
82,40.632836,-73.947642,"2, 5",FLATBUSH AVENUE - BROOKLYN COLLEGE
83,40.669847,-73.950466,"2, 3, 4, 5",NOSTRAND AVE
84,40.669399,-73.942161,"2, 3, 4, 5",KINGSTON AVE
85,40.668897,-73.932942,"2, 3, 4, 5",UTICA AVENUE - CROWN HEIGHTS
86,40.664717,-73.92261,"2, 3, 4, 5",SUTTER AVE - RUTLAND RD
87,40.661453,-73.916327,"2, 3, 4, 5",SARATOGA AVE
88,40.662549,-73.908946,"2, 3, 4, 5",ROCKAWAY AVE
89,40.663515,-73.902447,"2, 3, 4, 5",JUNIUS STREET
90,40.664635,-73.894895,"2, 3, 4, 5",PENNSYLVANIA AVE
91,40.665449,-73.889395,"2, 3, 4, 5",VAN SICLEN AVE
92,40.666235,-73.884079,"2, 3, 4, 5",NEW LOTS STATION
93,40.82388,-73.93647,3,148TH ST AVE - HARLEM
94,40.820421,-73.936245,3,145TH STREET
95,40.886037,-73.878751,4,WOODLAWN - JEROME AVENUE
96,40.87975,-73.884655,4,MOSHOLU PARKWAY
97,40.873412,-73.890064,4,BEDFORD PARK BLVD - LEHMAN COLLEGE
98,40.86776,-73.897174,4,KINGSBRIDGE ROAD
99,40.862803,-73.901034,4,FORDHAM ROAD
100,40.858407,-73.903879,4,183RD STREET
101,40.853453,-73.907684,4,BURNSIDE AVENUE
102,40.84848,-73.911794,4,176TH STREET
103,40.844434,-73.914685,4,MT EDEN AVE
104,40.840075,-73.917791,4,170TH STREET
105,40.835537,-73.9214,4,167TH STREET
106,40.827994,-73.925831,4,161ST ST - YANKEE STADIUM
107,40.818375,-73.927351,4,149TH ST - GRAND CONCOURSE - UPPER LEVEL
108,40.813224,-73.929849,"4, 5",138TH ST - GRAND CONCOURSE
109,40.710368,-74.009509,"4, 5",FULTON STREET
110,40.707557,-74.011862,"4, 5",WALL STREET
111,40.704817,-74.014065,"4, 5",BOWLING GREEN
112,40.692404,-73.990151,"4, 5",BOROUGH HALL
113,40.8883,-73.830834,5,DYRE AVENUE - EASTCHESTER
114,40.878663,-73.838591,5,BAYCHESTER AVENUE
115,40.869526,-73.846384,5,GUN HILL ROAD
116,40.858985,-73.855359,5,PELHAM PARKWAY
117,40.854364,-73.860495,5,MORRIS PARK
118,40.852462,-73.828121,"6, 6X",PELHAM BAY PARK
119,40.84681,-73.832569,"6, 6X",BUHRE AVENUE
120,40.843863,-73.836322,"6, 6X",MIDDLETOWN ROAD
121,40.839892,-73.842952,"6, 6X",WESTCHESTER SQ - EAST TREMONT
122,40.836488,-73.847036,"6, 6X",ZEREGA AVENUE
123,40.834255,-73.851222,"6, 6X",CASTLE HILL AVENUE
124,40.833226,-73.860816,"6, 6X",177TH ST PARKCHESTER
125,40.831509,-73.867618,6,ST LAWRENCE AVENUE
126,40.829521,-73.874516,6,SOUNDVIEW AVENUE - MORRISON
127,40.828584,-73.879159,6,ELDER AVENUE
128,40.826525,-73.886283,6,WHITLOCK AVENUE
129,40.820948,-73.890549,"6, 6X",HUNTS POINT AVE
130,40.816104,-73.896435,6,LONGWOOD AVENUE
131,40.812118,-73.904098,6,EAST 149TH STREET
132,40.808719,-73.907657,6,E 143RD ST - ST MARY'S ST
133,40.805368,-73.914042,6,CYPRESS AVENUE
134,40.807566,-73.91924,6,BROOK AVENUE
135,40.810476,-73.926138,"6, 6X",138TH ST THIRD AVENUE
136,40.804138,-73.937594,"4, 5, 6, 6X",125TH STREET
137,40.798629,-73.941617,"4, 6, 6X",116TH STREET
138,40.79502,-73.94425,"4, 6, 6X",110TH STREET
139,40.7906,-73.947478,"4, 6, 6X",103RD STREET
140,40.785672,-73.95107,"4, 6, 6X",96TH STREET
141,40.779492,-73.955589,"4, 5, 6, 6X",86TH STREET
142,40.77362,-73.959874,"4, 6, 6X",77TH STREET
143,40.768141,-73.96387,"4, 6, 6X",68TH STREET - HUNTER COLLEGE
144,40.762526,-73.967967,"4, 5, 6, 6X",59TH STREET
145,40.757107,-73.97192,"4, 6, 6X",51TH STREET
146,40.751776,-73.976848,"4, 5, 6, 6X",GRAND CENTRAL - 42 ST
147,40.746081,-73.982076,"4, 6, 6X",33RD STREET
148,40.74307,-73.984264,"4, 6, 6X",28TH STREET
149,40.739864,-73.986599,"4, 6, 6X",23RD STREET
150,40.734673,-73.989951,"4, 5, 6, 6X",14TH STREET - UNION SQ
151,40.730054,-73.99107,"4, 6, 6X",ASTOR PL - 8TH ST
152,40.725915,-73.994659,"4, 6, 6X",BLEECKER STREET
153,40.722301,-73.997141,"4, 6, 6X",SPRING STREET
154,40.718803,-74.000193,"4, 6, 6X",CANAL STREET
155,40.713065,-74.004131,"4, 5, 6, 6X",BROOKLYN BRIDGE - CITY HALL
156,40.7596,-73.83003,"7, 7X",MAIN STREET - FLUSHING
157,40.754618,-73.84564,"7, 7X",WILLETS POINT - SHEA STADIUM
158,40.75173,-73.855335,7,111TH STREET - STATION
159,40.749865,-73.8627,7,103RD STREET - CORONA PLAZA
160,40.749145,-73.869527,"7, 7X",JUNCTION BOULEVARD
161,40.748408,-73.876613,7,90TH STREET - ELMHURST
162,40.747659,-73.883697,7,82 STREET - JACKSON HEIGHTS
163,40.746848,-73.891394,7,74TH STREET - BROADWAY
164,40.746325,-73.896403,7,69TH STREET - FISK AVE
165,40.74563,-73.902984,"7, 7X",61ST STREET - WOODSIDE
166,40.744149,-73.912549,7,52ND STREET - LINCOLN AV
167,40.743132,-73.918435,7,46TH STREET - BLISS STR
168,40.743781,-73.924016,7,40TH STREET - LOWERY ST
169,40.744587,-73.930997,7,33RD STREET - RAWSON ST
170,40.750582,-73.940202,"7, 7X",QUEENSBORO PLAZA - ELEVATED
171,40.747023,-73.945264,"7, 7X",45TH ROAD - COURTHOUSE SQ
172,40.742216,-73.948916,"7, 7X",HUNTERS POINT
173,40.742626,-73.953581,"7, 7X",VERNON - JACKSON AVENUE
174,40.751431,-73.976041,"7, 7X",GRAND CENTRAL - 42 ST
175,40.753821,-73.981963,"7, 7X",5TH AVENUE
176,40.755477,-73.987691,"7, 7X",TIMES SQUARE - 42 ST
177,40.752769,-73.979189,GS,GRAND CENTRAL SHUTTLE - 42 ST
178,40.755983,-73.986229,GS,TIMES  SQ SHUTTLE - 42 ST
179,40.868072,-73.919899,A,207TH STREET - INWOOD
180,40.865491,-73.927271,A,DYCKMAN STREET - 200 ST
181,40.859022,-73.93418,A,190TH STREET
182,40.851695,-73.937969,A,181ST STREET
183,40.847391,-73.939704,A,175TH STREET
184,40.840719,-73.939561,"A, C",168TH STREET - WASHINGTON HEIGHTS
185,40.836013,-73.939892,"A, C",163RD STREET - AMSTERDAM AV
186,40.830518,-73.941514,"A, C",155TH STREET - ST NICHOLAS AV
187,40.824783,-73.944216,"A, C",145TH STREET
188,40.817894,-73.947649,"A, B, C",135TH STREET
189,40.811109,-73.952343,"A, B, C, D",125TH STREET
190,40.805085,-73.954882,"A, B, C",116TH STREET
191,40.800605,-73.958159,"A, B, C",110TH STREET - CATHEDRAL PKWY
192,40.796092,-73.961454,"A, B, C",103RD STREET
193,40.791644,-73.964694,"A, B, C",96TH STREET
194,40.785868,-73.968916,"A, B, C",86TH STREET
195,40.781433,-73.972143,"A, B, C",81ST STREET - MUSEUM OF NATURAL HISTORY
196,40.775594,-73.97641,"A, B, C",72ND STREET
197,40.768296,-73.981736,"A, B, C, D",59TH ST - COLUMBUS CIRCLE
198,40.762456,-73.985984,"A, C, E",50TH STREET
199,40.757308,-73.989735,"A, C, E",42ND ST - PORT AUTHORITY
200,40.752287,-73.993391,"A, C, E",34TH ST - PENN STATION
201,40.745906,-73.998041,"A, C, E",23RD STREET
202,40.740893,-74.00169,"A, C, E",14TH STREET - 8 AV
203,40.732338,-74.000495,"A, C, E",WEST 4 ST - UPPER LEVEL
204,40.726227,-74.003739,"A, C, E",SPRING STREET
205,40.720824,-74.005229,"A, C, E",CANAL STREET
206,40.714111,-74.008585,"A, C",CHAMBERS STREET
207,40.710197,-74.007691,"A, C",BROADWAY - NASSAU
208,40.699337,-73.990531,"A, C",HIGH STREET - BROOKLYN BRIDGE
209,40.692338,-73.987342,"A, C, F",JAY STREET - BORO HALL
210,40.688484,-73.985001,"A, C, G",HOYT STREET - SCHERMERHORN ST
211,40.686113,-73.973946,"A, C",LAFAYETTE AVENUE
212,40.683263,-73.965838,"A, C",CLINTON - WASHINGTON
213,40.68138,-73.956848,"A, C",FRANKLIN AVENUE
214,40.680438,-73.950426,"A, C",NOSTRAND AVENUE
215,40.679921,-73.940859,"A, C",KINGSTON - THROOP AVE
216,40.679364,-73.930729,"A, C",UTICA AVENUE
217,40.678822,-73.920786,"A, C",RALPH AVENUE
218,40.67834,-73.911946,"A, C",ROCKAWAY AVENUE
219,40.678334,-73.905316,"A, C",BROADWAY - E NEW YORK
220,40.674542,-73.896548,"A, C",LIBERTY AVENUE
221,40.67271,-73.890358,"A, C",VAN SICLEN AVENUE
222,40.67413,-73.88075,"A, C",SHEPHERD AVENUE
223,40.675377,-73.872106,"A, C",EUCLID AVENUE
224,40.677044,-73.86505,A,GRANT AVENUE
225,40.679371,-73.858992,A,80TH STREET - HUDSON
226,40.679843,-73.85147,A,88TH STREET - BOYD AVE
227,40.680429,-73.843853,A,ROCKAWAY BOULEVARD
228,40.681711,-73.837683,A,104TH STREET - OXFORD AVE
229,40.684331,-73.832163,A,111TH STREET - GREENWOOD AVE
230,40.685951,-73.825798,A,LEFFERTS BOULEVARD - OZONE PARK
231,40.754203,-73.942836,F,21ST - LI. CITY - QUEENSBRIDGE
232,40.759145,-73.95326,F,ROOSEVELT ISLAND
233,40.76463,-73.966115,F,LEXINGTON - 63 ST
234,40.763971,-73.977451,F,57TH STREET
235,40.646292,-73.994324,D,NINTH AVE - WEST END-9 AVE
236,40.640914,-73.994304,D,FORT HAMILTON
237,40.63626,-73.994791,D,50 STREET
238,40.631435,-73.995476,D,55 STREET
239,40.626472,-73.996895,D,62TH ST - NEW UTRECHT
240,40.619589,-73.998864,D,71ST STREET
241,40.613501,-74.00061,D,79TH STREET
242,40.607954,-74.001736,D,18 AVENUE
243,40.604556,-73.998168,D,20 AVENUE
244,40.601875,-73.993728,D,BAY PARKWAY - 86 ST
245,40.597704,-73.986829,D,25 AVENUE
246,40.588841,-73.983765,D,BAY 50 STREET
247,40.874811,-73.878855,D,205TH STREET - NORWOOD - BAINBRIDGE
248,40.873244,-73.887138,"B, D",BEDFORD PARK BLVD
249,40.866978,-73.893509,"B, D",KINGSBRIDGE ROAD
250,40.861296,-73.897749,"B, D",FORDHAM ROAD
251,40.856093,-73.900741,"B, D",182 - 183RD STREET
252,40.85041,-73.905227,"B, D",TREMONT AVENUE
253,40.8459,-73.910136,"B, D",174TH - 175TH STREET
254,40.839306,-73.9134,"B, D",170TH STREET
255,40.833773,-73.918438,"B, D",167TH STREET
256,40.827905,-73.925651,"B, D",161 STREET - YANKEE STADIUM
257,40.830135,-73.938209,"B, D",155TH STREET
258,40.824783,-73.944216,"B, D",145TH STREET
259,40.762862,-73.981637,"B, D, E",7TH AVE - 53 ST
260,40.758663,-73.981329,"B, D, F, M",47-50TH ST - ROCKEFELLER CTR
261,40.754222,-73.984569,"B, D, F, M",42ND STREET - BRYANT PARK
262,40.749719,-73.987823,"B, D, F, M",34TH STREET - HERALD SQ
263,40.742878,-73.992821,"F, M",23RD STREET
264,40.738228,-73.996209,"F, M",14TH STREET
265,40.732338,-74.000495,"B, D, F, M",WEST 4 ST - WASHINGTON SQ
266,40.725297,-73.996204,"B, D, F, M",BROADWAY - LAFAYETTE
267,40.718267,-73.993753,"B, D",GRAND STREET
268,40.68446,-73.97689,"B, Q",ATLANTIC AVENUE
269,40.67705,-73.972367,"B, Q",7 AVENUE - BRIGHTON
270,40.661614,-73.962246,"B, FS, Q",PROSPECT PARK
271,40.655292,-73.961495,"B, Q",PARKSIDE AVENUE
272,40.650527,-73.962982,"B, Q",CHURCH AVENUE
273,40.644031,-73.964492,"B, Q",BEVERLEY ROAD
274,40.640927,-73.963891,"B, Q",CORTELYOU ROAD - DORCHESTER
275,40.635082,-73.962793,"B, Q",NEWKIRK AVENUE
276,40.62927,-73.961639,"B, Q",AVENUE H
277,40.625039,-73.960803,"B, Q",AVENUE J
278,40.617618,-73.959399,"B, Q",AVENUE M
279,40.60867,-73.957734,"B, Q",KINGS HIGHWAY
280,40.5993,-73.955929,"B, Q",AVENUE U - BRIGHTON
281,40.595246,-73.955161,"B, Q",NECK ROAD - E 16 ST
282,40.586896,-73.954155,"B, Q",SHEEPSHEAD BAY
283,40.577621,-73.961376,"B, Q",BRIGHTON BEACH
284,40.576312,-73.96849,Q,OCEAN PARKWAY
285,40.576128,-73.975936,"F, Q",WEST 8TH STREET - NY AQUARIUM
286,40.577419,-73.981232,"D, F, N, Q",STILLWELL AVE - CONEY ISLAND
287,40.712582,-74.009781,E,WORLD TRADE CENTER
288,40.712646,-73.783817,"E, F",179TH STREET - JAMAICA
289,40.71047,-73.793604,F,169TH STREET
290,40.707564,-73.803326,"E, F",PARSONS BOULEVARD
291,40.70546,-73.810708,F,SUTPHIN BOULEVARD
292,40.709179,-73.820574,"E, F",VAN WYCK BLVD - BRIARWOOD
293,40.714441,-73.831008,"E, F",UNION TURNPIKE - KEW GARDENS
294,40.718331,-73.837324,"E, F",75TH AVENUE
295,40.747846,-73.946,"E, M",23RD - ELY AVENUE
296,40.757552,-73.969055,"E, M",LEXINGTON - 53RD ST
297,40.760167,-73.975224,"E, M",FIFTH AVE - 53RD ST
298,40.723402,-73.989938,F,SECOND AVENUE - LOWER EAST SIDE
299,40.718611,-73.988114,F,DELANCY STREET
300,40.713715,-73.990173,F,EAST BROADWAY
301,40.699743,-73.986885,F,YORK STREET
302,40.686145,-73.990862,"F, G",BERGEN STREET
303,40.680303,-73.995048,"F, G",CARROLL STREET
304,40.67358,-73.995959,"F, G",SMITH - 9TH STREET
305,40.670272,-73.989779,"F, G",4TH AVENUE - 9TH ST
306,40.666271,-73.980305,"F, G",7TH AVENUE - PARK SLOPE
307,40.660365,-73.979493,"F, G",15 ST - PROSPECT PARK
308,40.650782,-73.975776,"F, G",FORT HAMILTON
309,40.644041,-73.979678,"F, G",CHURCH AVENUE
310,40.636119,-73.978172,F,DITMAS AVENUE
311,40.629755,-73.976971,F,18 AVENUE - CULVER
312,40.625322,-73.976127,F,AVENUE I - CULVER
313,40.620769,-73.975264,F,22 AVENUE - BAY PARKWAY
314,40.61514,-73.974197,F,AVENUE N - CULVER
315,40.608944,-73.973022,F,AVENUE P - CULVER
316,40.603217,-73.972361,F,KINGS HIGHWAY
317,40.596063,-73.973357,F,AVENUE U - CULVER
318,40.58962,-73.97425,F,AVENUE X - CULVER
319,40.581014,-73.974574,F,NEPTUNE AVENUE - VAN SICKLEN
320,40.702147,-73.801109,"E, J, Z",PARSONS - ARCHER - JAMAICA CENTER
321,40.700486,-73.807969,"E, J, Z",SUTPHIN BLVD - ARCHER - JFK AIRPORT
322,40.702566,-73.816859,E,VAN WYCK - JAMAICA
323,40.721691,-73.844521,"E, F, M, R",71 AV - CONTINENTAL AVE
324,40.726523,-73.852719,"E, M, R",67TH AVENUE
325,40.729846,-73.861604,"E, M, R",63RD DRIVE - REGO PARK
326,40.733106,-73.869229,"E, M, R",WOODHAVEN BLVD - QUEENS MALL
327,40.737015,-73.877223,"E, M, R",GRAND AVENUE - NEWTOWN
328,40.742454,-73.882017,"E, M, R",ELMHURST AVENUE
329,40.746644,-73.891338,"E, F, M, R",ROOSEVELT AVENUE - JACKSON HEIGHTS
330,40.749669,-73.898453,"E, M, R",65TH STREET
331,40.752885,-73.906006,"E, M, R",NORTHERN BOULEVARD
332,40.756312,-73.913333,"E, M, R",46TH STREET
333,40.756879,-73.92074,"E, M, R",STEINWAY STREET
334,40.752039,-73.928781,"E, M, R",36 STREET - NORTHERN BLVD
335,40.748973,-73.937243,"E, M, R",QUEENS PLAZA
336,40.746554,-73.943832,G,COURT SQ - LONG ISLAND CITY
337,40.744065,-73.949724,G,21ST STREET - VAN ALST
338,40.731352,-73.954449,G,GREENPOINT AVENUE
339,40.724635,-73.951277,G,NASSAU AVENUE
340,40.712792,-73.951418,G,METROPOLITAN AVENUE - GRAND ST
341,40.706092,-73.950308,G,BROADWAY - UNION AVENUE
342,40.700377,-73.950234,G,FLUSHING AVENUE
343,40.694568,-73.949046,G,MYRTLE - WILLOUGHBY AVE
344,40.689627,-73.953522,G,BEDFORD - NOSTRAND AVE
345,40.688873,-73.96007,G,CLASSON AVENUE
346,40.688089,-73.966839,G,CLINTON - WASHINGTON AVE
347,40.687119,-73.975375,G,FULTON STREET
348,40.668234,-73.834058,A,AQUEDUCT RACETRACK
349,40.660476,-73.830301,A,HOWARD BEACH - JFK AIRPORT
350,40.608382,-73.815925,"A, H",BROAD CHANNEL
351,40.590927,-73.796924,A,BEACH 67TH ST - GASTON
352,40.592374,-73.788522,A,BEACH 60TH ST - STRAITON AV
353,40.592943,-73.776013,A,BEACH 44TH ST - FRANK AV
354,40.595398,-73.768175,A,BEACH 36TH ST - EDGEMERE
355,40.600066,-73.761353,A,BEACH 25TH ST - WAVECREST
356,40.603995,-73.755405,A,MOTT AVENUE - FAR ROCKAWAY
357,40.588034,-73.813641,"A, H",BEACH 90TH ST - HOLLAND
358,40.585307,-73.820558,"A, H",BEACH 98TH - PLAYLAND
359,40.583209,-73.827559,"A, H",BEACH 105TH ST - SEASIDE
360,40.580903,-73.835592,"A, H",ROCKAWAY PARK - BEACH 116 ST
361,40.700492,-73.828294,"J, Z",121 STREET - JAMAICA AV
362,40.697418,-73.836345,J,111 STREET - JAMAICA AV
363,40.695178,-73.84433,"J, Z",102ND STREET - 104 ST
364,40.693879,-73.851576,"J, Z",WOODHAVEN BOULEVARD
365,40.692435,-73.86001,J,FOREST PARKWAY - 85 ST
366,40.691324,-73.867139,"J, Z",ELDERTS LANE - 75 ST
367,40.689941,-73.87255,J,CYPRESS HILLS
368,40.683194,-73.873785,"J, Z",CRESCENT STREET
369,40.68141,-73.880039,"J, Z",NORWOOD AVENUE
370,40.679947,-73.884639,J,CLEVELAND STREET
371,40.678024,-73.891688,"J, Z",VAN SICLEN AVENUE
372,40.676992,-73.898654,J,ALABAMA AVENUE
373,40.679498,-73.904512,"J, Z",BROADWAY JUNCTION - EASTERN PARKWAY
374,40.682893,-73.910456,"J, Z",CHAUNCEY STREET
375,40.68637,-73.916559,J,HALSEY STREET
376,40.68963,-73.92227,"J, Z",GATES AVENUE
377,40.693342,-73.928814,J,KOSCIUSKO STREET
378,40.739777,-74.002578,L,8TH AVENUE  14 STREET
379,40.737335,-73.996786,L,6 AVENUE
380,40.734789,-73.99073,L,UNION SQUARE - 14 STREET
381,40.732849,-73.986122,L,3RD AVENUE - 14 STREET
382,40.730953,-73.981628,L,1ST AVENUE - 14 STREET
383,40.717304,-73.956872,L,BEDFORD AVENUE
384,40.714063,-73.950275,L,LORIMER STREET
385,40.714565,-73.944053,L,GRAHAM AVENUE
386,40.711926,-73.94067,L,GRAND STREET
387,40.707739,-73.93985,L,MONTROSE AVENUE
388,40.706152,-73.933147,L,MORGAN AVENUE
389,40.706607,-73.922913,L,JEFFERSON STREET
390,40.703811,-73.918425,L,DEKALB AVE - CANARSIE LI
391,40.699814,-73.911586,L,MYRTLE AVENUE - WYCKOFF AV
392,40.695602,-73.904084,L,HALSEY STREET - CANARSIE
393,40.688764,-73.904046,L,WILSON AVENUE
394,40.682829,-73.905249,L,BUSHWICK AVENUE - ABERDEEN ST
395,40.678856,-73.90324,L,BROADWAY JUNCTION
396,40.675345,-73.903097,L,ATLANTIC AVENUE
397,40.669367,-73.901975,L,SUTTER AVENUE
398,40.664038,-73.900571,L,LIVONIA AVENUE
399,40.658733,-73.899232,L,NEW LOTS AVENUE
400,40.650573,-73.899485,L,EAST 105TH STREET
401,40.646654,-73.90185,L,ROCKAWAY PARKWAY - CANARSIE
402,40.711396,-73.889601,M,METROPOLITAN AVENUE
403,40.706186,-73.895877,M,FRESH POND ROAD
404,40.704423,-73.903077,M,FOREST AVENUE
405,40.702762,-73.90774,M,SENECA AVENUE
406,40.69943,-73.912385,M,WYCKOFF AVENUE - MYRTLE
407,40.698664,-73.919711,M,KNICKERBOCKER
408,40.697857,-73.927397,M,CENTRAL AVENUE
409,40.697207,-73.935657,"J, M, Z",MYRTLE AVE - BROADWAY
410,40.70026,-73.941126,"J, M",FLUSHING AVENUE
411,40.703869,-73.947408,"J, M",LORIMER STREET
412,40.70687,-73.953431,"J, M",HEWES STREET
413,40.708359,-73.957757,"J, M, Z",MARCY AVENUE
414,40.718315,-73.987437,"J, M, Z",ESSEX STREET
415,40.72028,-73.993915,J,BOWERY
416,40.718092,-73.999892,"J, Z",CANAL STREET
417,40.713243,-74.003401,"J, Z",CHAMBERS STREET
418,40.710374,-74.007582,"J, Z",FULTON STREET
419,40.706476,-74.011056,"J, Z",BROAD STREET
420,40.635064,-74.011719,N,8TH AVENUE - SEA BEACH
421,40.631386,-74.005351,N,FORT HAMILTON
422,40.624842,-73.996353,N,NEW UTRECHT AVENUE
423,40.620671,-73.990414,N,18TH AVENUE  -  SEA BEACH -18 AV
424,40.61741,-73.985026,N,20TH AVENUE - SEA BEACH
425,40.611815,-73.981848,N,BAY PARKWAY - SEA BEACH
426,40.603923,-73.980353,N,KINGS HIGHWAY
427,40.597473,-73.979137,N,AVENUE U - SEA  BEACH
428,40.592721,-73.97823,N,86TH STREET  -  SEA BEACH-GRAVESEND
429,40.718383,-74.00046,"N, Q",CANAL STREET / BRIDGE
430,40.775036,-73.912034,"N, Q",DITMARS BOULEVARD - ASTORIA
431,40.770258,-73.917843,"N, Q",ASTORIA BOULEVARD - HOYT AV
432,40.766779,-73.921479,"N, Q",30TH AVENUE- GRAND AV
433,40.76182,-73.925508,"N, Q",BROADWAY
434,40.756804,-73.929575,"N, Q",36TH AVENUE - WASHINGTON AV
435,40.752882,-73.932755,"N, Q",39TH AVENUE - BEEBE AV
436,40.750582,-73.940202,"N, Q",QUEENSBORO PLAZA - ELEVATED
437,40.76266,-73.967258,"N, Q, R",LEXINGTON AVENUE - 59 ST
438,40.764811,-73.973347,"N, Q, R",5TH AVENUE - 59 ST
439,40.764664,-73.980658,"N, Q, R",57TH STREET / 7TH AVENUE - MIDTOWN
440,40.759901,-73.984139,"N, Q, R",49TH STREET
441,40.754672,-73.986754,"N, Q, R",TIMES SQUARE - 42 ST
442,40.749567,-73.98795,"N, Q, R",34TH STREET - HERALD SQ
443,40.745494,-73.988691,"N, R",28TH STREET
444,40.741303,-73.989344,"N, R",23RD STREET
445,40.735736,-73.990568,"N, Q, R",UNION SQUARE - 14 ST
446,40.730328,-73.992629,"N, R",8TH STREET - NYU
447,40.724329,-73.997702,"N, R",PRINCE STREET
448,40.719527,-74.001775,"N, R",CANAL STREET / TUNNEL
449,40.713282,-74.006978,"N, R",CITY HALL
450,40.711835,-74.012188,1,CORTLANDT STREET
451,40.70722,-74.013342,"N, R",RECTOR STREET
452,40.703087,-74.012994,"N, R",WHITEHALL ST - SOUTH FERRY
453,40.6941,-73.991777,"N, R",COURT STREET
454,40.69218,-73.985942,"N, R",LAWRENCE STREET
455,40.690635,-73.981824,"B, D, N, Q, R",DEKALB AVENUE
456,40.683666,-73.97881,"D, N, R",PACIFIC STREET - ATLANTIC
457,40.677316,-73.98311,"D, N, R",UNION STREET
458,40.670847,-73.988302,"D, N, R",9TH STREET - 4TH AVE
459,40.665414,-73.992872,"D, N, R",PROSPECT AVENUE
460,40.660397,-73.998091,"D, N, R",25TH STREET
461,40.655144,-74.003549,"D, N, R",36TH STREET - 4TH AVE
462,40.648939,-74.010006,"N, R",45TH STREET
463,40.645069,-74.014034,"N, R",53RD STREET
464,40.641362,-74.017881,"N, R",59TH STREET - 4TH AVE
465,40.634967,-74.023377,R,BAY RIDGE AVENUE
466,40.629742,-74.02551,R,77TH STREET
467,40.622687,-74.028398,R,86TH STREET
468,40.616622,-74.030876,R,95TH ST - FORT HAMILTON
469,40.680596,-73.955827,FS,FRANKLIN - FULTON
470,40.674772,-73.957624,FS,PARK PLACE
471,40.670343,-73.959245,FS,BOTANIC GARDENS - EASTERN PKWY
472,40.643748,-74.073643,SI,SAINT GEORGE TERMINAL
473,40.636949,-74.074835,SI,TOMPKINSVILLE
474,40.627915,-74.075162,SI,STAPLETON
475,40.621319,-74.071402,SI,CLIFTON
476,40.603117,-74.084087,SI,GRASMERE
477,40.596612,-74.087368,SI,OLD TOWN
478,40.588849,-74.09609,SI,DONGAN HILLS
479,40.583591,-74.103338,SI,JEFFERSON AVENUE
480,40.578965,-74.109704,SI,GRANT CITY
481,40.57348,-74.11721,SI,NEW DORP
482,40.56511,-74.12632,SI,OAKWOOD HEIGHTS
483,40.5564,-74.136907,SI,BAY TERRACE
484,40.551231,-74.151399,SI,GREAT KILLS
485,40.544601,-74.16457,SI,ELTINGVILLE
486,40.54046,-74.178217,SI,ANNADALE
487,40.533674,-74.191794,SI,HUGUENOT
488,40.525507,-74.200064,SI,PRINCES BAY
489,40.52241,-74.217847,SI,PLEASANT PLAINS
490,40.519631,-74.229141,SI,RICHMOND VALLEY
491,40.517812,-74.238373,SI,NASSAU
492,40.515401,-74.245689,SI,ATLANTIC
493,40.512764,-74.251961,SI,TOTTENVILLE